image,rot_x,rot_y,ref_x,ref_y,centroid_x,centroid_y,img_width,img_height,dist_rot_centroid,dist_ref_centroid,dist_rot_ref,dist_rot_centroid_pct,dist_ref_centroid_pct,dist_rot_ref_pct
13,414,357,432,405,406.189283416326,358.800890627305,752,647,8.01564099757403,52.9202305115254,51.2640224719052,0.808008209836583,5.33456784463007,5.16761554554189
14,399,352,399,333,437.462445185734,363.144927046097,937,782,40.0445887546419,48.8679477395981,19,3.28113881670164,4.00409956020228,1.55680553742994
15,399,382,399,382,381.969421585242,381.959044225047,759,761,17.0306276606801,17.0306276606801,0,1.58453445817971,1.58453445817971,0
19,365,334,400,316,376.459544720172,348.040567953057,693,702,18.1234299633932,39.7586598055826,39.3573373083089,1.83726645566747,4.03054234935863,3.98985819831023
1_amborellaceae,304,363,320,328,336.274783116454,312.405057254318,638,689,60.0125808197995,22.5404260103642,38.4837628097877,6.39095670817144,2.40041146119902,4.09827504041865
22,339,348,339,317,345.751957952229,321.994659334522,675,631,26.8675767295125,8.39854499640255,31,2.90772937070458,0.908928118195302,3.35495870726699
23,392,352,431,389,396.94947178131,359.657747505311,782,739,9.11802433474969,44.9489293914088,53.7587202228625,0.847447975974395,4.17764614750956,4.99644626634891
24,386,316,347,353,367.601476635045,330.454939940666,769,744,23.3976697707071,30.5401468991764,53.7587202228625,2.18670097433774,2.85422307585754,5.02418604256292
25,396,339,378,339,383.832964674545,335.360877116746,688,615,12.6996048745735,6.87507761802861,18,1.37619598743051,0.745019575384391,1.95057468467744
3_cabombaceae,359,316,359,302,350.580539372299,300.638534366431,651,574,17.5174753795378,8.52882793429413,14,2.01833923277492,0.98267973303278,1.61306059501334
4_nymphaeaceae,378,362,417,420,411.296651589128,391.27818034956,793,762,44.3382323917989,29.2826075875799,69.8927750200262,4.03159312316907,2.66261312213208,6.3552202225829
5_austrobaileyaceae,408,411,428,448,398.210713750859,381.28246175762,813,746,31.2883717130655,73.0659392901833,42.0594816896262,2.83564038483572,6.62190829574809,3.81181756398525
7_schisandraceae,394,400,413,346,397.682031024586,356.301071129028,750,728,43.8537767693533,18.4594756138156,57.2450871254468,4.19565199645131,1.76608587488124,5.47684787442886
320,333,362,333,362,339.140713871991,371.597248893947,699,721,11.3936628522189,11.3936628522189,0,1.13458725734953,1.13458725734953,0
321,84,94,84,117,86.0039907371761,94.9046913628921,175,186,2.19873721412521,22.1860010511976,23,0.860953310576573,8.68730966610009,9.00604493163117
323,287,297,287,283,283.665573017477,298.158582986499,545,563,3.52997419797741,15.5209871290574,14,0.450494473272063,1.98078471094024,1.78667669282755
324,376,369,358,408,364.464461425587,366.907436409246,716,775,11.723799409028,41.5979331696062,42.9534631898291,1.11113283244045,3.94247868748253,4.07095017170704
325,384,415,384,396,382.663254920156,422.72197562541,766,789,7.83682301496638,26.7553895268499,19,0.712651399688123,2.43303514180387,1.72778899921762
326,340,306,323,306,348.674093418083,331.214138803052,678,680,26.6644462197357,35.9848838878214,17,2.77681742131439,3.74744150545004,1.77036851893834
329,79,87,88,87,87.5407452501318,80.8376973563807,176,182,10.5317758853484,6.17939226759674,9,4.15980137417342,2.44071320223077,3.55478627490014
330,366,356,366,356,361.373669034233,381.954673185913,729,789,26.3637629786109,26.3637629786109,0,2.45420956637431,2.45420956637431,0
334,308,340,308,340,314.491784386818,334.014859033427,613,677,8.82978917725006,8.82978917725006,0,0.966811470685229,0.966811470685229,0
335,392,414,372,301,396.09108833671,387.354757301648,784,752,26.9574843454063,89.6522428379447,114.756263445618,2.48146935556919,8.25259844019228,10.5634541951779
336,422,389,422,352,410.407735757728,376.840544715646,804,739,16.7997899711532,27.4122828679533,37,1.53839521720056,2.51020548048633,3.38817468159772
339,366,379,366,360,381.101530693454,402.115178325281,770,755,27.6110068323285,44.7408591184343,19,2.56039157805105,4.14885699667719,1.7618857681789
340,409,382,409,436,415.290742367823,384.869986727409,778,725,6.91449660885232,51.5155481072817,54,0.650199659644638,4.8442270985973,5.0778507253673
341,365,362,365,380,364.472869343842,350.96529988529,694,724,11.0472835281003,29.0394848005227,18,1.1015319386573,2.89554621356129,1.79479189118277
342,340,336,359,336,355.834885715902,345.859731498438,754,706,18.6536299646204,10.3553007514364,19,1.80588843355494,1.00251360665298,1.83942108332919
345,353,318,353,318,352.567326347314,322.986734011635,741,636,5.00546926796311,5.00546926796311,0,0.512586206789873,0.512586206789873,0
346,331,311,314,328,332.796575357546,310.993994115562,659,689,1.79658539624215,25.3478890898917,24.0416305603426,0.188436680786202,2.65863904661963,2.52163079637349
348,318,340,318,373,322.431773260354,341.70840514577,636,677,4.74965918496063,31.6038687940644,33,0.511329780804056,3.40234923680383,3.55265127653021
349,346,258,294,288,362.715981027743,319.211038436762,690,606,63.4524644771712,75.471948225193,60.0333240792145,6.90952471765831,8.21836150965286,6.53720450460613
352,420,322,401,304,393.907790872864,312.482902458482,799,713,27.773701999355,11.057082093534,26.1725046566048,2.59355588136111,1.03252927157653,2.44403332993437
353,363,347,363,405,367.182639381777,358.065815691641,764,770,11.8299090917628,47.1201881245073,58,1.09060560024297,4.34403516159502,5.34705079501729
355,358,334,358,316,359.248935438819,331.808932087805,716,701,2.52202663074558,15.8581894769599,18,0.251692621378263,1.58261186900681,1.79635977256489
356,375,359,375,412,366.020076384681,374.317796248447,747,715,17.7559542138943,38.7374174114706,53,1.71714763624788,3.74622867017774,5.12553837573661
357,384,366,384,366,381.704459361504,370.30017238057,730,730,4.87452452302779,4.87452452302779,0,0.472165663738777,0.472165663738777,0
359,352,382,352,364,355.406666988794,373.829323140925,739,725,8.85242002550557,10.4029309995431,18,0.855098365510073,1.00486977217457,1.738707668054
360,352,384,352,403,396.096755521682,377.437382552521,782,766,44.582415763403,50.9702978047523,19,4.07271895884921,4.65626850077539,1.7356991291992
366,274,203,346,261,330.732788454642,238.658312360105,727,578,67.0083914611441,27.0599104760044,92.4553946506098,7.21474844691667,2.91352236374253,9.95461016776309
368,386,373,386,391,377.298410398625,380.595771365528,769,710,11.5504720348624,13.5633931989426,18,1.10357352382611,1.29589523115749,1.71978455676219
369,241,470,230,489,225.617758139144,433.874040269098,457,782,39.2644665205661,55.2998687157584,21.9544984001001,4.33504911113763,6.10546043193306,2.42391753177077
371,403,342,422,342,394.433418173445,347.125331958837,765,718,9.98275272053452,28.0389989352051,19,0.951494240257611,2.6725039411783,1.81096247407866
374,370,375,390,375,371.318396213899,372.510067110305,778,714,2.81743400490737,18.8468057191673,20,0.266809161993288,1.78478020476176,1.89398695074002
377,404,397,424,377,407.979968933108,394.362426957887,808,791,4.77461456674666,23.6240399858308,28.2842712474619,0.422260356085076,2.08927765731299,2.50142211095755
378,356,326,356,362,352.828565672667,328.994612185902,710,724,4.36184569150895,33.1574067208463,36,0.430145563327557,3.26983401090591,3.55015774857342
379,342,383,326,325,321.943279777125,377.705453909664,652,763,20.743776040089,52.8613455257281,60.1664358259653,2.06687502980459,5.2670157495844,5.9948826867731
382,390,334,409,387,396.992819848816,350.378128852025,777,704,17.8084989297672,38.5400288214979,56.302753041037,1.69847950898765,3.675742098605,5.36985586022343
383,229,382,218,382,222.970264169247,416.561049094038,436,728,35.0830989034492,34.9166098066898,11,4.13435317670344,4.11473333844548,1.29629041804134
387,275,501,340,390,329.53178458177,389.637125551152,648,741,123.997602134809,10.4745029432476,128.631255921724,12.5966412170408,1.06408150828175,13.0673638219367
392,328,315,311,315,328.586401865216,309.573012076047,654,664,5.45857720237283,18.4047202774614,17,0.585688294823829,1.97476903529552,1.82404693436908
394,418,368,458,329,418.388865647575,368.096822589919,795,773,0.400738201052481,55.6561182738557,55.8659108938537,0.0361398995212594,5.01925326030262,5.03817305429061
396,255,444,242,554,240.476179476782,445.824706797892,507,885,14.6379956786756,108.186025383822,110.765518100174,1.43518452382507,10.6071153956684,10.8600221533348
399,368,361,368,285,365.42914184511,335.570201205446,736,757,25.5594205408512,50.6355069255933,76,2.4208241162707,4.79586992628222,7.1982317651731
400,395,381,453,381,403.086572877993,382.42831552238,787,759,8.2117444031439,49.9338591768688,58,0.75105149507775,4.56698330447681,5.30471780123015
401,428,372,449,372,435.313066407082,366.669075556354,853,675,9.04984506487582,14.6884616825862,21,0.831966470253678,1.35033335177714,1.93056298202681
403,383,372,402,353,390.370859318998,363.062333120243,763,742,11.5849668257598,15.3781488093102,26.8700576850888,1.08850647798604,1.44490828934847,2.52467117894914
405,426,359,426,378,412.777771039579,370.02607872367,774,756,17.216322217662,15.4405556636706,19,1.59123343773157,1.42710668158747,1.75609139598257
407,335,389,367,406,344.814571012162,384.951825886139,638,705,10.6166622725273,30.5813487750595,36.2353418639869,1.1165732349785,3.21629478787644,3.81093528710246
408,277,336,277,336,275.964707149479,337.492853798762,581,669,1.81671234674533,1.81671234674533,0,0.205030086197239,0.205030086197239,0
413,361,261,418,276,380.472213134326,280.571910947819,760,611,27.6084549096469,37.8052530311625,58.9406481131655,2.8311956548022,3.87685831969993,6.04425373949164
415,341,343,341,424,351.209240357551,350.578077061972,647,651,12.7143950164938,74.1283168336903,81,1.38526845079015,8.07648484152611,8.82517370023828
416,372,423,434,459,395.801118037943,430.495952827271,825,734,24.9536075276653,47.6616752577619,71.6937933157397,2.25976682361613,4.31618043146857,6.49249834575955
106,352,372,352,355,345.002982620356,365.862720455522,701,707,9.30722581750914,12.9211821404177,17,0.934821411314909,1.2978086017467,1.70748666723621
107,360,352,324,371,363.818363516123,349.477135645968,718,739,4.57654285351991,45.2629623765852,40.7062648740952,0.444168621111921,4.39292020849012,3.95067764433529
108,418,337,437,337,417.745454170778,320.2418004571,759,671,16.7601326217554,25.5259629986658,19,1.65438137297649,2.51965056991636,1.87547716930065
110,380,428,326,448,372.098131185504,379.157912751746,724,777,49.477156522253,82.8508942347162,57.5847201955519,4.65873997912399,7.80119150751613,5.42214340957584
120,347,423,347,423,349.255420346849,403.138414779646,729,734,19.9892343126584,19.9892343126584,0,1.93225435224845,1.93225435224845,0
136,341,365,357,418,343.521363429716,376.610970426295,679,696,11.8815785056111,43.5284437218567,55.3624421426656,1.22194948045734,4.47664080710491,5.69369695963645
137,310,244,345,365,326.886129103651,357.330872377511,687,696,114.581970614721,19.6704813703079,125.960311209523,11.7165542869144,2.01140076042069,12.8800440101124
138,355,365,337,418,354.059591614545,369.920758709262,707,696,5.00981378957439,51.0161063699307,55.9732078766261,0.504969982677666,5.14222752221185,5.64188430929177
139,387,279,404,279,374.242789019169,313.598060022028,701,695,36.8750890073139,45.634607072326,17,3.73558519515544,4.62295731767061,1.72216393308357
140,281,314,281,314,296.444839540088,319.626933372973,559,695,16.4379271078482,16.4379271078482,0,1.8429999374659,1.8429999374659,0
142,388,175,368,349,400.408751601163,330.46314420625,773,695,155.957578600056,37.3355353927621,175.145653671451,15.0031774539857,3.59169248372117,16.8490774601329
143,382,365,382,365,382.208992459194,370.0041846418,694,694,5.00854687281891,5.00854687281891,0,0.510313754706185,0.510313754706185,0
147,364,344,345,306,361.993280526324,349.87464100427,766,763,6.20792477202185,47.0505654195563,42.485291572496,0.574186691164982,4.35182600753357,3.92957226239808
150,341,343,324,362,329.549594187166,349.764561379938,679,762,13.2992888509698,13.4351759894513,25.4950975679639,1.3030473983038,1.31636144721615,2.49797721725657
151,371,382,338,362,352.647021975526,376.75847066068,673,761,19.0867868480206,20.7929725867586,38.5875627631495,1.87880823232076,2.04675665849295,3.79836748646448
160,336,420,336,420,346.722810374047,413.251521503491,640,761,12.6696734107718,12.6696734107718,0,1.274173419033,1.274173419033,0
163,324,399,324,399,311.785601256432,388.109696337121,646,760,16.3642980459468,16.3642980459468,0,1.64060553799226,1.64060553799226,0
166,323,361,323,456,326.420138224711,386.502936146656,678,760,25.7312474935933,69.5811700800718,95,2.52645753253675,6.83192182249571,9.32770421063927
168,439,442,417,522,433.130480321147,428.940014294701,875,802,14.3183269931602,94.4476221768521,82.9698740507662,1.20632168536271,7.95722955742714,6.9902271646027
171,404,402,404,402,396.304221341204,403.406568448902,767,801,7.82326299996495,7.82326299996495,0,0.705431413494931,0.705431413494931,0
176,380,400,380,400,380.786626580995,398.956250703014,721,800,1.30697894890731,1.30697894890731,0,0.121358266464864,0.121358266464864,0
180,480,362,480,298,453.087543214648,374.523912547853,913,852,29.6838123516793,81.1183673520054,64,2.37700856992712,6.49576449580624,5.12496665431619
181,390,384,409,363,386.883925037144,381.024179437279,741,851,4.30876214192091,28.5305418131153,28.3196045170126,0.381847736386988,2.52841128156949,2.50971776208909
183,334,405,334,405,331.090918527961,383.188795984344,668,851,22.0043490161266,22.0043490161266,0,2.03393340873414,2.03393340873414,0
186,359,384,359,346,365.064916923475,370.408802695596,756,768,14.8830057937196,25.1510012985804,38,1.38104305716415,2.33384413105506,3.52614498036299
189,430,384,450,365,449.193174894124,389.267395301205,817,768,19.9028494386005,24.2808039705528,27.5862284482674,1.7749803709833,2.16541609141847,2.4602011966272
192,434,448,434,428,430.288274285837,439.575446219955,825,814,9.20597708937286,12.1559805432654,20,0.794321199034595,1.04885694878755,1.72566407959355
200,373,428,353,387,371.456684111867,394.44991038797,783,813,33.5855673899641,19.9035261497564,45.6179789118282,2.97548722507294,1.76333742124607,4.04148936683891
202,396,428,415,387,395.739444162933,395.394792836688,790,813,32.6062482280118,21.0105106535676,45.18849411078,2.8763226877258,1.8534180335916,3.98625103771793
205,356,386,338,365,347.437584650294,378.238227265921,709,812,11.5568193114015,16.257880094761,27.6586333718787,1.07208837638038,1.50819042891703,2.56580106909725
206,374,406,374,406,377.146092429973,414.395567798982,829,812,8.96568214054215,8.96568214054215,0,0.772620899316558,0.772620899316558,0
208,353,374,353,374,353.862368318537,385.282445919225,744,748,11.3153552766606,11.3153552766606,0,1.07253829669376,1.07253829669376,0
211,372,393,428,411,377.490555936677,381.68500786397,744,748,12.5767742896261,58.4001087629254,58.821764679411,1.19210327424013,5.53551803260777,5.5754851487434
212,446,243,391,355,388.003397075106,327.530136397553,744,748,102.513169447719,27.632825324721,124.775798935531,9.71682262375976,2.61920750007232,11.8270102517198
215,470,374,470,457,481.644995518544,409.881029339058,894,830,37.7233904501871,48.5366183079705,83,3.09235544473496,3.97876421240209,6.80388212326574
216,470,416,470,416,478.224509570768,419.852853427319,894,830,9.08223745626948,9.08223745626948,0,0.744511723710439,0.744511723710439,0
219,403,392,403,333,407.679790387465,398.778837117683,803,784,8.23729753855519,65.9450972447935,59,0.733992634398247,5.87610383451615,5.25725399948249
222,338,488,395,377,368.562172849966,419.238863465613,752,886,75.2471946773555,49.830515663414,124.779806058513,6.47504840206213,4.28793395160841,10.7373475821011
223,364,376,382,376,378.389526768634,380.229153556424,725,749,14.998140565718,5.56068851476376,18,1.43878987656793,0.533443616342492,1.72676190523374
229,404,453,404,494,406.931708958705,451.732188010498,806,824,3.19409841101923,42.3693621358459,41,0.277108091581077,3.67580818501624,3.55700742207213
237,409,402,409,402,406.192449524929,372.201767459168,815,697,29.9302021748533,29.9302021748533,0,2.79096448653459,2.79096448653459,0
238,340,350,340,350,340.056779447355,355.537181625148,648,697,5.53747273180776,5.53747273180776,0,0.581857048921195,0.581857048921195,0
239,379,437,322,437,376.707631872424,420.186425859922,755,794,16.9691256992284,57.2330434316799,57,1.54876469111638,5.22363487684852,5.20236510462338
241,392,376,374,357,371.465333069035,382.084460881316,712,750,21.4171242276351,25.2121937593146,26.1725046566048,2.07100969346125,2.43798827116059,2.53084915929319
242,355,413,411,451,359.289914021982,411.661455506817,745,750,4.49389181848286,64.9727179260351,67.6756972627545,0.425102823673644,6.14613946390755,6.40182967515052
243,469,338,469,282,451.779639059963,360.805084520511,935,750,28.5764362874866,80.6646277942815,56,2.38408229963673,6.72970938000912,4.67198244863441
246,404,413,404,394,410.004595487643,378.317591364307,849,750,35.198361265028,16.7926504038846,19,3.10712108491488,1.48236441317952,1.67721730477374
247,441,351,464,428,440.29468356259,373.700331195587,928,778,22.7112859095692,59.2485954235773,80.3616824114578,1.87544973683698,4.89262312744211,6.6360969929423
249,332,390,315,428,320.843552692463,389.681891922334,661,778,11.160981555174,38.7611211747198,41.6293165929973,1.09326593012485,3.79681777846121,4.07776980013078
250,376,414,376,435,380.486226675904,417.056474125943,750,828,5.42846791186554,18.4958468468075,21,0.485909474419046,1.65558816339744,1.8797382849949
251,415,414,456,414,435.211256349107,395.812708800842,827,828,27.1895649904936,27.6215391270201,41,2.32337429276881,2.36028689524323,3.50348915243133
255,456,393,456,393,444.576704394094,408.148865270599,827,828,18.9731336759813,18.9731336759813,0,1.62127239076659,1.62127239076659,0
256,415,435,435,352,445.658322700949,417.10416467535,827,828,35.4992066503255,65.9708428085665,85.375640553966,3.03344110778863,5.63727151601378,7.2954300137243
258,403,414,422,455,391.640194869319,423.829201824531,768,828,15.0219300063078,43.512485868642,45.18849411078,1.33015167506796,3.85291410226529,4.00132014395044
269,634,269,612,352,483.061898725487,355.387872925802,874,828,173.911399870737,128.982602095158,85.8661749468322,14.4452457091512,10.7134171817091,7.13212587635928
270,348,393,381,352,354.662765656644,385.437969176342,662,828,10.0785294747455,42.5646296294802,52.6307894677631,0.950708213852101,4.01512374495894,4.96466513035488
275,401,368,383,368,391.422220681603,366.659018964907,727,699,9.67119882994827,8.52830764842009,18,0.958941425213081,0.845618793991367,1.78477828419621
276,361,389,325,407,352.74308727542,386.714810206818,719,740,8.56730413445152,34.3681220976208,40.2492235949962,0.830345637832282,3.33096850729155,3.90096659506309
280,396,373,475,391,406.85748156573,371.481321677403,790,743,10.9631788181022,70.8828725576629,81.0246875958186,1.01089331835479,6.53597131299369,7.471128280527
281,315,283,332,298,338.216907728006,293.090475124504,661,593,25.3148670288622,7.92170285996989,22.6715680975093,2.8507263171444,0.892068948802582,2.5530624258391
282,387,360,387,284,374.873214197124,352.722640102238,735,755,14.1428038588675,69.7843836150362,76,1.34222439361448,6.62289478919159,7.21278856248445
283,352,388,369,368,351.814835706475,386.862526407285,701,773,1.15244608972393,25.51714667162,26.2488094968134,0.110438535083163,2.44529989128687,2.51541490257432
284,407,349,407,423,413.566924093382,387.236538359377,856,734,38.7963575320717,36.3613762193975,74,3.44059961936208,3.22465677548518,6.56258442876552
285,372,368,412,349,413.485853582527,350.160280332073,784,774,45.1589597455597,1.88520856079756,44.2831796509691,4.0990435087206,0.171118908789336,4.01954963348466
286,354,344,372,344,355.958486585183,368.089957138223,708,688,24.1694374081348,28.9422906411906,18,2.44822628008356,2.93168911452323,1.82329742713299
295,420,362,500,362,423.64629907252,372.754765264606,800,759,11.3560764713453,77.1074096388917,80,1.02978617439338,6.99221642173489,7.25452088662372
299,362,381,380,362,366.578061371726,384.520586520342,722,759,5.77522080707776,26.216888712457,26.1725046566048,0.551306409052703,2.50268158663053,2.49844465521813
301,405,373,448,391,407.908197170245,377.41217791095,851,743,5.28440391140723,42.3318032129939,46.6154480832267,0.467765435905207,3.74713112671709,4.12631126577916
308,418,401,418,362,398.402333600067,388.992399776401,759,761,22.9837114377295,33.3565312047296,39,2.13841107183757,3.10350118341617,3.62857113080358
310,404,356,404,356,396.987198425905,361.036733306668,808,747,8.6341223248302,8.6341223248302,0,0.784637209374772,0.784637209374772,0
312,372,426,389,426,362.886670724881,414.650478780937,676,740,14.5555625923119,28.4731030576713,17,1.45223733273213,2.840817933133,1.69612369840559
314,358,354,286,354,342.068465625301,344.03480058441,716,705,18.7914604787567,56.9471512629744,72,1.87011555692551,5.66734840114593,7.16539942442757
315,436,386,457,367,447.184210205809,374.470359446155,870,772,16.0629751051475,12.3351530002064,28.3196045170126,1.38100644689897,1.06050876037972,2.43476418008583
316,382,397,324,397,372.711254713449,407.471847326371,761,756,13.9978703889288,49.8241499895916,58,1.30493543985919,4.64479933559759,5.40698359171081
317,412,403,434,364,419.440979678547,380.527747706202,868,766,23.6721418915285,22.0257012819193,44.7772263544762,2.04482426026629,1.90260300639567,3.86790342743912
122,390,362,409,382,401.144766770961,382.337690085192,741,761,23.1911074418715,7.86248838957675,27.5862284482674,2.18337360260885,0.74022983351049,2.59716113775306
128,410,399,389,475,411.524871084706,431.847145722645,818,760,32.8825214049904,48.677907203014,78.8479549512858,2.94496373759604,4.359600949372,7.06163512387777
129,388,361,368,361,389.375038058642,360.878148966436,773,760,1.38042650550242,21.3753853692222,20,0.127341663118987,1.97183777033847,1.84496114224698
130,342,374,266,374,347.250593351622,379.802073018652,757,785,7.82513781718078,81.4574918058766,76,0.71754812332586,7.46947488232181,6.96903475016528
29,354,366,280,289,341.087003056213,356.51008664568,743,769,16.025103604743,91.0452290968451,106.79419459877,1.49864874007611,8.51444216782124,9.98726679904401
30,414,384,414,384,413.508533232329,389.871399491928,752,768,5.89193275398989,5.89193275398989,0,0.548157211578686,0.548157211578686,0
31,442,326,422,365,439.083910389396,331.810477918602,802,768,6.50117160669042,37.328332003781,43.8292140016223,0.585470693185654,3.36164705931267,3.94709167143111
32,357,403,338,442,344.498866870502,400.432403318482,749,768,12.7620876912977,42.0725607073996,43.3820239269677,1.18964416984451,3.92188000636575,4.04394430512835
45,394,385,338,423,365.490482849239,386.371259437348,749,767,28.5424757267836,45.797284662853,67.6756972627545,2.66242159029425,4.27193774746083,6.31274032621834
46,349,345,404,345,372.658103408846,375.920932675267,734,766,38.933403837991,44.027475051824,55,3.66984151797034,4.15000590621168,5.18427015342063
47,322,403,322,460,320.489168306099,429.83996095369,755,766,26.8824499702484,30.197857004798,57,2.49944320582792,2.8076990231448,5.29967554630866
48,376,384,338,403,375.560760105468,366.028785466621,750,766,17.9765815295816,52.7037133774622,42.485291572496,1.67686738911319,4.91623716680533,3.96305603696958
50,409,453,409,528,421.777013019413,437.467458471929,777,753,20.1124813988599,91.4297169263369,75,1.85881341435013,8.45001573513171,6.93156668794544
52,250,338,237,358,242.953019075169,365.550514592235,497,796,28.4374892431078,9.61502505024713,23.8537208837531,3.0303706040737,1.02460132892228,2.54191268244344
53,349,338,310,338,355.621881832716,365.36933893573,773,796,28.1590133489316,53.2018497398086,39,2.53783177608534,4.79481802658142,3.51487596674205
55,343,359,362,379,345.409074026614,385.216767205784,762,795,26.3272201416706,17.7174213458193,27.5862284482674,2.39074836307384,1.60890120006871,2.50507764022106
56,411,338,392,378,367.763060364276,376.149138591741,746,796,57.6609896234459,24.3075077056104,44.2831796509691,5.28548111629516,2.22814200382648,4.05920729670465
59,502,377,502,377,495.446941621726,364.414199663099,871,718,14.18960690891,14.18960690891,0,1.25706440423682,1.25706440423682,0
60,402,389,402,369,378.07554550204,389.476744069543,802,818,23.9292040806372,31.4908966324318,20,2.08884904563265,2.74893093623613,1.74585752087164
61,400,409,358,428,397.261480238544,423.205515544865,842,778,14.4670716587459,39.5531403520899,46.0977222864644,1.26194948354184,3.45018440615816,4.02106232719813
66,414,392,414,392,423.015993746588,379.901559693103,826,745,15.0884194367092,15.0884194367092,0,1.35645711021954,1.35645711021954,0
68,392,409,374,409,385.84781840855,416.347860025609,711,778,9.58333894267086,13.9413718119102,18,0.909280621480517,1.32277688405454,1.70786521112941
69,398,423,358,478,401.760261551906,438.064206375039,793,736,15.5264252372688,59.2438022374219,68.0073525436772,1.43508432015491,5.47581625248839,6.28581813258683
70,344,358,326,400,357.170168752635,405.063412796266,723,841,48.8714453336984,31.5787518628137,45.6946386351835,4.40657191311297,2.84734859097543,4.12013006398247
72,409,374,409,374,406.296158739672,378.054784002652,778,788,4.87360553073571,4.87360553073571,0,0.440113570822549,0.440113570822549,0
74,372,405,407,444,369.585410451452,413.909058238576,708,772,9.23046918559952,48.0137093669682,52.4022900262956,0.881193688459143,4.58366490402145,5.00262405989257
79,203,388,203,388,207.53588080852,397.717528570101,385,859,10.7240186599905,10.7240186599905,0,1.13923868114188,1.13923868114188,0
80,452,431,452,409,456.470650967734,416.528414302609,904,859,15.1464026313921,8.7557833451396,22,1.21459294885168,0.702127955494748,1.76418424394421
81,424,665,472,377,455.293226993086,394.591346770726,942,886,272.213346103586,24.2604976353017,291.972601454315,21.0496329996663,1.87600857534019,22.5775708448639
87,374,406,392,406,374.05621763318,418.688815420126,746,812,12.6889399552649,21.9769279562415,18,1.15075681820863,1.99308214697882,1.63241553674157
88,397,340,397,340,388.560488828503,331.304305724084,791,714,12.1177740428683,12.1177740428683,0,1.13719169468734,1.13719169468734,0
89,239,420,228,420,229.271907982115,422.934274534848,456,799,10.160991160034,3.19808019924821,11,1.10449666707889,0.347630350768737,1.19569667432199
95,382,348,382,398,431.459154034624,370.108738559213,897,662,54.17567940045,56.7814263873234,50,4.85953242076469,5.09326667390478,4.48497598419072
